SITE_NAME,CELL_ID,RAT,AREA,BANDWIDTH,USER_COUNT,PRB_UTILIZATION,BEFORE_MML_RATE,AFTER_MML_RATE,gain,has_begbr,has_dacq,has_fwa,has_rrc,begbr_BestEffortGbr,dacq_DlAmbrLimitFirstRank,dacq_DlAmbrLimitSecRank,dacq_DlAmbrLimitThirdRank,fwa_DlExpBasedSchGuarUserRate,fwa_DlSchPriCoefficient,rrc_res0_limit_num,source
YLYIF_002_Tin_Yiu_I_Estate_Yiu_Hong_House_SUB6G,25,LTE,YLYIF,10,71,0.91,3.54,5.06,1.5199999999999996,1,1,0,0,7000,5000000,4999999,4999998,0,0,0,db
YLYIF_002_Tin_Yiu_I_Estate_Yiu_Hong_House_SUB6G,22,LTE,YLYIF,20,439,0.96,3.44,3.24,-0.1999999999999997,1,1,0,0,7000,5000000,4999999,4999998,0,0,0,db
YLYIF_002_Tin_Yiu_I_Estate_Yiu_Hong_House_SUB6G,25,LTE,YLYIF,10,77,0.92,5.38,6.06,0.6799999999999997,1,1,0,0,7000,5000000,4999999,4999998,0,0,0,db
YLYIF_002_Tin_Yiu_I_Estate_Yiu_Hong_House_SUB6G,107,NR,YLYIF,10,3,0.04,10.99,7.63,-3.3600000000000003,0,0,1,0,0,0,0,0,20000,5000,0,db
YLYIF_002_Tin_Yiu_I_Estate_Yiu_Hong_House_SUB6G,207,NR,YLYIF,10,18,0.69,15.79,16.91,1.120000000000001,0,0,1,0,0,0,0,0,20000,5000,0,db
YLYIF_002_Tin_Yiu_I_Estate_Yiu_Hong_House_SUB6G,307,NR,YLYIF,10,10,0.37,12.19,19.26,7.070000000000002,0,0,1,0,0,0,0,0,20000,5000,0,db
YLYIF_002_Tin_Yiu_I_Estate_Yiu_Hong_House_SUB6G,20,LTE,YLYIF,10,94,0.92,4.69,4.2,-0.4900000000000002,1,1,0,0,12000,3500000,3499999,3499998,0,0,0,db
YLYIF_002_Tin_Yiu_I_Estate_Yiu_Hong_House_SUB6G,22,LTE,YLYIF,20,399,0.97,3.24,3.81,0.5699999999999998,1,1,0,0,12000,3500000,3499999,3499998,0,0,0,db
YLYIF_002_Tin_Yiu_I_Estate_Yiu_Hong_House_SUB6G,107,NR,YLYIF,10,3,0.05,7.63,8.34,0.71,0,0,1,0,0,0,0,0,35000,5000,0,db
YLYIF_002_Tin_Yiu_I_Estate_Yiu_Hong_House_SUB6G,22,LTE,YLYIF,20,382,0.97,3.81,4.28,0.4700000000000002,1,1,0,0,14000,3200000,3199999,3199998,0,0,0,db
YLYIF_002_Tin_Yiu_I_Estate_Yiu_Hong_House_SUB6G,107,NR,YLYIF,10,3,0.06,8.34,7.98,-0.3599999999999994,0,0,1,0,0,0,0,0,38000,5000,0,db
YLYIF_002_Tin_Yiu_I_Estate_Yiu_Hong_House_SUB6G,15,LTE,YLYIF,10,7,0.13,5.15,10.09,4.94,1,1,0,0,7000,5000000,4999999,4999998,0,0,0,db
YLYIF_002_Tin_Yiu_I_Estate_Yiu_Hong_House_SUB6G,20,LTE,YLYIF,10,66,0.69,3.99,5.43,1.4399999999999995,1,1,0,0,7000,5000000,4999999,4999998,0,0,0,db
YLYIF_002_Tin_Yiu_I_Estate_Yiu_Hong_House_SUB6G,20,LTE,YLYIF,10,88,0.91,4.55,4.89,0.3399999999999998,1,1,0,0,8400,4600000,4599999,4599998,0,0,0,db
YLYIF_002_Tin_Yiu_I_Estate_Yiu_Hong_House_SUB6G,22,LTE,YLYIF,20,388,0.97,3.67,4.71,1.04,1,1,0,0,10500,4000000,3999999,3999998,0,0,0,db
YLYIF_002_Tin_Yiu_I_Estate_Yiu_Hong_House_SUB6G,23,LTE,YLYIF,20,194,0.97,4.74,6.0,1.2599999999999998,1,1,0,0,10500,4000000,3999999,3999998,0,0,0,db
YLYIF_002_Tin_Yiu_I_Estate_Yiu_Hong_House_SUB6G,25,LTE,YLYIF,10,78,0.82,5.4,6.83,1.4299999999999995,1,1,0,0,10500,5000000,4999999,4999998,0,0,0,db
YLYIF_002_Tin_Yiu_I_Estate_Yiu_Hong_House_SUB6G,22,LTE,YLYIF,20,236,0.79,0.35,10.8,10.45,1,1,0,0,10000,5000000,4999999,4999998,0,0,0,db
YLYIF_002_Tin_Yiu_I_Estate_Yiu_Hong_House_SUB6G,22,LTE,YLYIF,20,340,0.96,6.31,5.3,-1.0099999999999998,1,1,0,0,14000,5000000,4999999,4999998,0,0,0,db
YLYIF_002_Tin_Yiu_I_Estate_Yiu_Hong_House_SUB6G,25,LTE,YLYIF,10,77,0.8,6.43,8.03,1.5999999999999996,1,1,0,0,14000,5000000,4999999,4999998,0,0,0,db
YLYIF_002_Tin_Yiu_I_Estate_Yiu_Hong_House_SUB6G,22,LTE,YLYIF,20,343,0.97,5.3,4.86,-0.4399999999999995,1,1,0,0,14000,5000000,4999999,4999998,0,0,0,db
YLYIF_002_Tin_Yiu_I_Estate_Yiu_Hong_House_SUB6G,23,LTE,YLYIF,20,173,0.98,7.99,6.11,-1.88,1,1,0,0,14000,5000000,4999999,4999998,0,0,0,db
YLYIF_002_Tin_Yiu_I_Estate_Yiu_Hong_House_SUB6G,15,LTE,YLYIF,10,8,0.09,6.76,16.66,9.9,1,1,0,0,14000,5000000,4999999,4999998,0,0,0,db
YLYIF_002_Tin_Yiu_I_Estate_Yiu_Hong_House_SUB6G,20,LTE,YLYIF,10,89,0.85,5.03,3.15,-1.8800000000000003,1,1,0,0,14000,5000000,4999999,4999998,0,0,0,db
YLYIF_002_Tin_Yiu_I_Estate_Yiu_Hong_House_SUB6G,22,LTE,YLYIF,20,384,0.97,4.86,4.18,-0.6800000000000006,1,1,0,0,14000,5000000,4999999,4999998,0,0,0,db
YLYIF_002_Tin_Yiu_I_Estate_Yiu_Hong_House_SUB6G,23,LTE,YLYIF,20,226,0.98,6.11,5.32,-0.79,1,1,0,0,14000,5000000,4999999,4999998,0,0,0,db
YLYIF_002_Tin_Yiu_I_Estate_Yiu_Hong_House_SUB6G,25,LTE,YLYIF,10,79,0.91,5.75,6.18,0.4299999999999997,1,1,0,0,14000,5000000,4999999,4999998,0,0,0,db
YLYIF_002_Tin_Yiu_I_Estate_Yiu_Hong_House_SUB6G,107,NR,YLYIF,10,2,0.05,7.47,12.41,4.94,0,0,1,0,0,0,0,0,20000,5000,0,db
YLYIF_002_Tin_Yiu_I_Estate_Yiu_Hong_House_SUB6G,22,LTE,YLYIF,20,391,0.97,4.18,6.93,2.75,1,1,0,0,17000,4000000,3999999,3999998,0,0,0,db
YLYIF_002_Tin_Yiu_I_Estate_Yiu_Hong_House_SUB6G,23,LTE,YLYIF,20,208,0.97,5.32,6.76,1.4399999999999995,1,1,0,0,17000,4000000,3999999,3999998,0,0,0,db
YLYIF_002_Tin_Yiu_I_Estate_Yiu_Hong_House_SUB6G,22,LTE,YLYIF,20,351,0.98,7.83,5.19,-2.64,1,1,0,0,14000,5000000,4999999,4999998,0,0,0,db
YLYIF_002_Tin_Yiu_I_Estate_Yiu_Hong_House_SUB6G,35,LTE,YLYIF,10,35,0.51,7.18,9.0,1.8200000000000005,1,1,0,0,10000,5000000,4999999,4999998,0,0,0,db
YLYIF_002_Tin_Yiu_I_Estate_Yiu_Hong_House_SUB6G,207,NR,YLYIF,10,21,0.71,10.8,9.25,-1.5500000000000007,0,0,1,0,0,0,0,0,20000,5000,0,db
YLYIF_002_Tin_Yiu_I_Estate_Yiu_Hong_House_SUB6G,22,LTE,YLYIF,20,360,0.97,4.57,4.43,-0.1400000000000005,1,1,0,0,17000,4000000,3999999,3999998,0,0,0,db
YLYIF_002_Tin_Yiu_I_Estate_Yiu_Hong_House_SUB6G,207,NR,YLYIF,10,21,0.71,10.8,9.73,-1.0700000000000005,0,0,0,1,0,0,0,0,0,0,10,db
YLYIF_002_Tin_Yiu_I_Estate_Yiu_Hong_House_SUB6G,207,NR,YLYIF,10,21,0.78,9.25,9.73,0.4800000000000004,0,0,0,1,0,0,0,0,0,0,10,db
YLYIF_002_Tin_Yiu_I_Estate_Yiu_Hong_House_SUB6G,35,LTE,YLYIF,10,32,0.6,7.99,9.28,1.2899999999999991,1,1,0,0,17000,5000000,4999999,4999998,0,0,0,db
YLYIF_002_Tin_Yiu_I_Estate_Yiu_Hong_House_SUB6G,207,NR,YLYIF,10,21,0.71,10.8,11.79,0.9899999999999984,0,0,1,0,0,0,0,0,40000,5000,0,db
YLYIF_002_Tin_Yiu_I_Estate_Yiu_Hong_House_SUB6G,207,NR,YLYIF,10,21,0.78,9.25,11.79,2.539999999999999,0,0,1,0,0,0,0,0,40000,5000,0,db
YLYIF_002_Tin_Yiu_I_Estate_Yiu_Hong_House_SUB6G,207,NR,YLYIF,10,21,0.72,9.73,11.79,2.0599999999999987,0,0,1,0,0,0,0,0,40000,5000,0,db
MTUTK_001_TaiKooMTR_A_SUB6G,35,LTE,TaiKoo,10,44,0.39,1.41,1.11,-0.2999999999999998,1,1,0,0,2000,800000,799999,799998,0,0,0,db
MTUTK_001_TaiKooMTR_B_SUB6G,107,NR,TaiKoo,10,63,0.97,2.45,2.13,-0.3200000000000003,0,0,1,0,0,0,0,0,5000,5000,0,db
MTUTK_001_TaiKooMTR_A_SUB6G,12,LTE,TaiKoo,20,280,0.98,1.34,3.96,2.62,1,1,0,0,6000,700000,699999,699998,0,0,0,db
MTUTK_001_TaiKooMTR_A_SUB6G,35,LTE,TaiKoo,10,46,0.35,1.11,4.68,3.5699999999999994,1,1,0,0,6000,700000,699999,699998,0,0,0,db
MTUTK_001_TaiKooMTR_B_SUB6G,107,NR,TaiKoo,10,60,0.95,2.13,6.07,3.94,0,0,1,0,0,0,0,0,7500,5000,0,db
MTUTK_001_TaiKooMTR_A_SUB6G,12,LTE,TaiKoo,20,218,0.93,3.96,9.69,5.73,1,1,0,0,2000,800000,799999,799998,0,0,0,db
MTUTK_001_TaiKooMTR_A_SUB6G,15,LTE,TaiKoo,10,94,0.72,12.06,20.08,8.019999999999998,1,1,0,0,2000,800000,799999,799998,0,0,0,db
MTUTK_001_TaiKooMTR_A_SUB6G,25,LTE,TaiKoo,10,106,0.77,5.76,9.11,3.35,1,1,0,0,2000,800000,799999,799998,0,0,0,db
MTUTK_001_TaiKooMTR_B_SUB6G,107,NR,TaiKoo,10,56,0.91,6.07,11.24,5.17,0,0,1,0,0,0,0,0,5000,5000,0,db
MTUTK_001_TaiKooMTR_A_SUB6G,35,LTE,TaiKoo,10,55,0.36,2.46,1.92,-0.54,1,1,0,0,2000,800000,799999,799998,0,0,0,db
YLYIF_002_Tin_Yiu_I_Estate_Yiu_Hong_House_SUB6G,107,NR,YLYIF,10,3,0.07,9.89,19.49,9.599999999999998,0,0,1,0,0,0,0,0,15000,5000,0,db
YLYIF_002_Tin_Yiu_I_Estate_Yiu_Hong_House_SUB6G,20,LTE,YLYIF,10,84,0.8,3.25,2.12,-1.13,1,1,0,0,2000,800000,799999,799998,0,0,0,db
YLYIF_002_Tin_Yiu_I_Estate_Yiu_Hong_House_SUB6G,22,LTE,YLYIF,20,447,0.97,2.34,2.74,0.4000000000000003,1,1,0,0,2000,800000,799999,799998,0,0,0,db
YLYIF_002_Tin_Yiu_I_Estate_Yiu_Hong_House_SUB6G,22,LTE,YLYIF,20,326,0.94,2.17,5.12,2.95,1,1,0,0,6000,800000,799999,799998,0,0,0,db
YLYIF_002_Tin_Yiu_I_Estate_Yiu_Hong_House_SUB6G,20,LTE,YLYIF,10,76,0.75,4.17,4.2,0.0300000000000002,1,1,0,0,5000,800000,799999,799998,0,0,0,db
YLYIF_002_Tin_Yiu_I_Estate_Yiu_Hong_House_SUB6G,107,NR,YLYIF,10,2,0.04,1.78,16.53,14.750000000000002,0,0,1,0,0,0,0,0,15000,5000,0,db
YLYIF_002_Tin_Yiu_I_Estate_Yiu_Hong_House_SUB6G,22,LTE,YLYIF,20,418,0.97,2.84,4.27,1.4299999999999995,1,1,0,0,5000,800000,799999,799998,0,0,0,db
YLYIF_002_Tin_Yiu_I_Estate_Yiu_Hong_House_SUB6G,22,LTE,YLYIF,20,371,0.94,4.27,3.01,-1.2599999999999998,1,1,0,0,5000,800000,799999,799998,0,0,0,db
YLYIF_002_Tin_Yiu_I_Estate_Yiu_Hong_House_SUB6G,22,LTE,YLYIF,20,344,0.92,3.01,3.4,0.3900000000000001,1,1,0,0,5000,800000,799999,799998,0,0,0,db
YLYIF_002_Tin_Yiu_I_Estate_Yiu_Hong_House_SUB6G,20,LTE,YLYIF,10,85,0.79,3.81,4.47,0.6599999999999997,1,1,0,0,5000,5000000,4999999,4999998,0,0,0,db
YLYIF_002_Tin_Yiu_I_Estate_Yiu_Hong_House_SUB6G,22,LTE,YLYIF,20,398,0.97,2.41,2.48,0.0699999999999998,1,1,0,0,5000,5000000,4999999,4999998,0,0,0,db
YLYIF_002_Tin_Yiu_I_Estate_Yiu_Hong_House_SUB6G,23,LTE,YLYIF,20,188,0.97,3.52,4.7,1.1800000000000002,1,1,0,0,5000,5000000,4999999,4999998,0,0,0,db
YLYIF_002_Tin_Yiu_I_Estate_Yiu_Hong_House_SUB6G,25,LTE,YLYIF,10,84,0.9,3.35,3.52,0.1699999999999999,1,1,0,0,5000,5000000,4999999,4999998,0,0,0,db
YLYIF_002_Tin_Yiu_I_Estate_Yiu_Hong_House_SUB6G,107,NR,YLYIF,10,3,0.07,3.95,9.99,6.04,0,0,1,0,0,0,0,0,15000,5000,0,db
YLYIF_002_Tin_Yiu_I_Estate_Yiu_Hong_House_SUB6G,22,LTE,YLYIF,20,236,0.79,0.35,10.8,10.45,1,1,0,0,10000,5000000,4999999,4999998,0,0,0,db
MTUTK_001_TaiKooMTR_B_SUB6G,107,NR,太古城地铁站,10,123,0.9294,3.87,11.215,7.345,0,0,1,0,0,0,0,0,5000,5000,0,excel
MTUTK_001_TaiKooMTR_A_SUB6G,12,LTE,太古城地铁站,20,307,0.9698,1.78,5.133333333333334,3.353333333333333,1,1,0,0,2000,800000,799999,799998,0,0,0,excel
MTUTK_001_TaiKooMTR_A_SUB6G,35,LTE,太古城地铁站,10,80,0.3559,1.16,3.5666666666666664,2.4066666666666663,1,1,0,0,2000,800000,799999,799998,0,0,0,excel
MTUTK_001_TaiKooMTR_B_SUB6G,107,NR,太古城地铁站,10,121,0.9484,3.53,8.33,4.800000000000001,0,0,1,0,0,0,0,0,5000,5000,0,excel
MTUTK_001_TaiKooMTR_B_SUB6G,107,NR,太古城地铁站,10,107,0.8659,2.59,10.25,7.66,0,0,1,0,0,0,0,0,5000,5000,0,excel
MTUTK_001_TaiKooMTR_B_SUB6G,107,NR,太古城地铁站,10,123,0.9717,2.34,8.5,6.16,0,0,1,0,0,0,0,0,5000,5000,0,excel
MTUTK_001_TaiKooMTR_A_SUB6G,35,LTE,太古城地铁站,10,73,0.3952,1.68,3.1466666666666665,1.4666666666666666,1,1,0,0,2000,800000,799999,799998,0,0,0,excel
MTUTK_001_TaiKooMTR_B_SUB6G,107,NR,太古城地铁站,10,116,0.939,3.31,7.35,4.039999999999999,0,0,1,0,0,0,0,0,5000,5000,0,excel
MTUTK_001_TaiKooMTR_A_SUB6G,12,LTE,太古城地铁站,20,314,0.7171,2.09,3.8,1.71,1,1,0,0,2000,800000,499999,499998,0,0,0,excel
MTUTK_001_TaiKooMTR_B_SUB6G,107,NR,太古城地铁站,10,118,0.9647,3.55,8.35,4.800000000000001,0,0,1,0,0,0,0,0,5000,5000,0,excel
MTUTK_001_TaiKooMTR_A_SUB6G,35,LTE,太古城地铁站,10,94,0.3228,2.46,4.0,1.54,1,1,0,0,2000,800000,499999,499998,0,0,0,excel
MTUTK_001_TaiKooMTR_B_SUB6G,107,NR,太古城地铁站,10,125,0.9688,3.04,9.73,6.69,0,0,1,0,0,0,0,0,5000,5000,0,excel
MTUTK_001_TaiKooMTR_B_SUB6G,12,LTE,太古城地铁站,20,357,0.8037,1.55,2.72,1.1700000000000002,1,1,0,0,2000,800000,499999,499998,0,0,0,excel
MTUTK_001_TaiKooMTR_B_SUB6G,35,LTE,太古城地铁站,10,86,0.3911,1.6,1.8,0.1999999999999999,1,1,0,0,2000,800000,499999,499998,0,0,0,excel
MTUTK_001_TaiKooMTR_B_SUB6G,107,NR,太古城地铁站,10,114,0.9739,2.2,3.8,1.5999999999999996,0,0,1,0,0,0,0,0,5000,5000,0,excel
MTUTK_001_TaiKooMTR_B_SUB6G,35,LTE,太古城地铁站,10,66,0.3129,1.8,4.8,3.0,1,1,0,0,6000,700000,699999,699998,0,0,0,excel
MTUTK_001_TaiKooMTR_B_SUB6G,12,LTE,太古城地铁站,20,268,0.9438,1.7,5.5,3.8,1,1,0,0,6000,700000,699999,699998,0,0,0,excel
MTUTK_001_TaiKooMTR_B_SUB6G,107,NR,太古城地铁站,10,110,0.9275,4.5,8.5,4.0,0,0,1,0,0,0,0,0,7500,5000,0,excel
YLYIF_002_Tin_Yiu_I_Estate_Yiu_Hong_House_SUB6G,107,NR,天水围地铁站,10,6,0.067,10.0,18.0,8.0,0,0,1,0,0,0,0,0,15000,5000,0,excel
YLYIF_002_Tin_Yiu_I_Estate_Yiu_Hong_House_SUB6G,20,LTE,天水围地铁站,10,106,0.76,2.0,2.0,0.0,1,1,0,0,2000,800000,799999,799998,0,0,0,excel
YLYIF_002_Tin_Yiu_I_Estate_Yiu_Hong_House_SUB6G,22,LTE,天水围地铁站,20,450,0.9654,2.2,2.55,0.3499999999999996,1,1,0,0,2000,800000,799999,799998,0,0,0,excel
MTUTK_001_TaiKooMTR_B_SUB6G,107,NR,TaiKoo,20,59,0.6046,8.6531,10.4396,1.7865000000000002,0,0,1,1,0,0,0,0,5000,5000,1000,extracted_529
MTUTK_001_TaiKooMTR_A_SUB6G,25,LTE,TaiKoo,20,39,0.495592,10.2123,12.3837,2.1713999999999984,1,0,0,0,2000,0,0,0,0,0,0,extracted_529
MTUTK_001_TaiKooMTR_A_SUB6G,12,LTE,TaiKoo,20,99,0.647861,12.9592,11.8228,-1.1363999999999983,1,0,0,0,2000,0,0,0,0,0,0,extracted_529
MTUTK_001_TaiKooMTR_A_SUB6G,15,LTE,TaiKoo,20,40,0.323825,17.7023,14.9997,-2.7026000000000003,1,0,0,0,2000,0,0,0,0,0,0,extracted_529
MTUTK_001_TaiKooMTR_A_SUB6G,25,LTE,TaiKoo,20,39,0.495592,10.2123,12.3837,2.1713999999999984,1,0,0,0,2000,0,0,0,0,0,0,extracted_529
MTUTK_001_TaiKooMTR_A_SUB6G,12,LTE,TaiKoo,20,99,0.647861,12.9592,11.8228,-1.1363999999999983,1,0,0,0,2000,0,0,0,0,0,0,extracted_529
MTUTK_001_TaiKooMTR_A_SUB6G,15,LTE,TaiKoo,20,40,0.323825,17.7023,14.9997,-2.7026000000000003,1,0,0,0,2000,0,0,0,0,0,0,extracted_529
MTUTK_001_TaiKooMTR_A_SUB6G,15,LTE,TaiKoo,20,47,0.396608,15.9514,16.0321,0.0807000000000002,1,0,0,0,2000,0,0,0,0,0,0,extracted_529
MTUTK_001_TaiKooMTR_A_SUB6G,15,LTE,TaiKoo,20,49,0.40088,16.0321,17.0858,1.0536999999999992,1,0,0,0,2000,0,0,0,0,0,0,extracted_529
MTUTK_001_TaiKooMTR_A_SUB6G,15,LTE,TaiKoo,20,47,0.413046,18.9496,16.3924,-2.5572000000000017,1,0,0,0,2000,0,0,0,0,0,0,extracted_529
MTUTK_001_TaiKooMTR_A_SUB6G,15,LTE,TaiKoo,20,41,0.370893,16.3924,17.6031,1.2107000000000028,1,0,0,0,2000,0,0,0,0,0,0,extracted_529
MTUTK_001_TaiKooMTR_B_SUB6G,107,NR,TaiKoo,20,52,0.5633,12.8668,6.644,-6.222799999999999,0,0,1,1,0,0,0,0,5000,5000,1000,extracted_529
MTUTK_001_TaiKooMTR_A_SUB6G,25,LTE,TaiKoo,20,36,0.524272,12.5356,6.4507,-6.0849,1,1,0,0,2000,800000,799999,799998,0,0,0,extracted_529
MTUTK_001_TaiKooMTR_A_SUB6G,12,LTE,TaiKoo,20,112,0.704618,14.9948,4.2885,-10.7063,1,1,0,0,2000,800000,799999,799998,0,0,0,extracted_529
MTUTK_001_TaiKooMTR_A_SUB6G,35,LTE,TaiKoo,20,5,0.126021,6.524,3.4394,-3.0846,1,1,0,0,2000,800000,799999,799998,0,0,0,extracted_529
MTUTK_001_TaiKooMTR_A_SUB6G,15,LTE,TaiKoo,20,46,0.4933619999999999,15.3694,6.7965,-8.5729,1,1,0,0,2000,800000,799999,799998,0,0,0,extracted_529
MTUTK_001_TaiKooMTR_A_SUB6G,25,LTE,TaiKoo,20,36,0.524272,12.5356,6.4507,-6.0849,1,1,0,0,2000,800000,799999,799998,0,0,0,extracted_529
MTUTK_001_TaiKooMTR_A_SUB6G,12,LTE,TaiKoo,20,112,0.704618,14.9948,4.2885,-10.7063,1,1,0,0,2000,800000,799999,799998,0,0,0,extracted_529
MTUTK_001_TaiKooMTR_A_SUB6G,15,LTE,TaiKoo,20,46,0.4933619999999999,15.3694,6.7965,-8.5729,1,1,0,0,2000,800000,799999,799998,0,0,0,extracted_529
MTUTK_001_TaiKooMTR_B_SUB6G,107,NR,TaiKoo,20,94,0.9432,2.6296,1.0047,-1.6249,0,0,1,1,0,0,0,0,5000,5000,1000,extracted_529
MTUTK_001_TaiKooMTR_A_SUB6G,25,LTE,TaiKoo,20,80,0.8362850000000001,2.4183,1.2126,-1.2057,1,1,0,0,2000,800000,799999,799998,0,0,0,extracted_529
MTUTK_001_TaiKooMTR_A_SUB6G,12,LTE,TaiKoo,20,191,0.969215,1.601,1.451,-0.1499999999999999,1,1,0,0,2000,800000,799999,799998,0,0,0,extracted_529
MTUTK_001_TaiKooMTR_A_SUB6G,35,LTE,TaiKoo,20,13,0.347643,2.4228,1.1944,-1.2284000000000002,1,1,0,0,2000,800000,799999,799998,0,0,0,extracted_529
MTUTK_001_TaiKooMTR_A_SUB6G,15,LTE,TaiKoo,20,82,0.723026,7.2305,2.5658,-4.6647,1,1,0,0,2000,800000,799999,799998,0,0,0,extracted_529
MTUTK_001_TaiKooMTR_A_SUB6G,25,LTE,TaiKoo,20,91,0.777579,1.2126,1.1254,-0.0871999999999999,1,1,0,0,2000,800000,799999,799998,0,0,0,extracted_529
MTUTK_001_TaiKooMTR_A_SUB6G,12,LTE,TaiKoo,20,221,0.923258,1.451,1.164,-0.2870000000000001,1,1,0,0,2000,800000,799999,799998,0,0,0,extracted_529
MTUTK_001_TaiKooMTR_A_SUB6G,15,LTE,TaiKoo,20,94,0.64858,2.5658,2.2694,-0.2963999999999998,1,1,0,0,2000,800000,799999,799998,0,0,0,extracted_529
MTUTK_001_TaiKooMTR_A_SUB6G,35,LTE,TaiKoo,20,15,0.3608449999999999,0.9826,0.9763,-0.0063,1,1,0,0,2000,800000,799999,799998,0,0,0,extracted_529
MTUTK_001_TaiKooMTR_A_SUB6G,35,LTE,TaiKoo,20,13,0.312967,1.4297,1.4675,0.0378,1,1,0,0,2000,800000,799999,799998,0,0,0,extracted_529
MTUTK_001_TaiKooMTR_B_SUB6G,107,NR,TaiKoo,20,53,0.6894,7.2055,6.1472,-1.0583,0,0,0,1,0,0,0,0,0,0,1000,extracted_529
MTUTK_001_TaiKooMTR_A_SUB6G,25,LTE,TaiKoo,20,34,0.496422,10.3195,6.6165,-3.703,1,0,0,0,2000,0,0,0,0,0,0,extracted_529
MTUTK_001_TaiKooMTR_A_SUB6G,12,LTE,TaiKoo,20,91,0.653642,6.7781,5.1777,-1.6004000000000005,1,0,0,0,2000,0,0,0,0,0,0,extracted_529
MTUTK_001_TaiKooMTR_A_SUB6G,35,LTE,TaiKoo,20,4,0.122675,5.6885,2.1368,-3.5517000000000003,1,0,0,0,2000,0,0,0,0,0,0,extracted_529
MTUTK_001_TaiKooMTR_A_SUB6G,15,LTE,TaiKoo,20,34,0.325254,19.2083,16.9597,-2.2486,1,0,0,0,2000,0,0,0,0,0,0,extracted_529
MTUTK_001_TaiKooMTR_A_SUB6G,25,LTE,TaiKoo,20,34,0.496422,10.3195,6.6165,-3.703,1,0,0,0,2000,0,0,0,0,0,0,extracted_529
MTUTK_001_TaiKooMTR_A_SUB6G,12,LTE,TaiKoo,20,91,0.653642,6.7781,5.1777,-1.6004000000000005,1,0,0,0,2000,0,0,0,0,0,0,extracted_529
MTUTK_001_TaiKooMTR_A_SUB6G,15,LTE,TaiKoo,20,29,0.323106,20.3147,17.3307,-2.983999999999998,1,0,0,0,2000,0,0,0,0,0,0,extracted_529
MTUTK_001_TaiKooMTR_A_SUB6G,12,LTE,TaiKoo,20,57,0.468194,18.2992,6.8425,-11.456699999999998,1,0,0,0,2000,0,0,0,0,0,0,extracted_529
MTUTK_001_TaiKooMTR_A_SUB6G,25,LTE,TaiKoo,20,31,0.485897,8.2218,5.2673,-2.9545000000000003,1,0,0,0,2000,0,0,0,0,0,0,extracted_529
MTUTK_001_TaiKooMTR_A_SUB6G,15,LTE,TaiKoo,20,43,0.573203,13.7693,11.8943,-1.875,1,0,0,0,2000,0,0,0,0,0,0,extracted_529
MTUTK_001_TaiKooMTR_A_SUB6G,35,LTE,TaiKoo,20,11,0.382445,2.1973,3.354,1.1567000000000005,1,0,0,0,2000,0,0,0,0,0,0,extracted_529
MTUTK_001_TaiKooMTR_A_SUB6G,15,LTE,TaiKoo,20,38,0.3646009999999999,20.2752,16.1315,-4.143700000000003,1,0,0,0,2000,0,0,0,0,0,0,extracted_529
MTUTK_001_TaiKooMTR_A_SUB6G,15,LTE,TaiKoo,20,30,0.407101,16.1315,18.909,2.7775,1,0,0,0,2000,0,0,0,0,0,0,extracted_529
MTUTK_001_TaiKooMTR_A_SUB6G,25,LTE,TaiKoo,20,38,0.520649,7.6002,11.0914,3.4912,1,0,0,0,2000,0,0,0,0,0,0,extracted_529
MTUTK_001_TaiKooMTR_A_SUB6G,12,LTE,TaiKoo,20,105,0.6692,5.062,9.9804,4.918399999999999,1,0,0,0,2000,0,0,0,0,0,0,extracted_529
MTUTK_001_TaiKooMTR_A_SUB6G,15,LTE,TaiKoo,20,47,0.44577,12.7737,16.1089,3.3351999999999986,1,0,0,0,2000,0,0,0,0,0,0,extracted_529
MTUTK_001_TaiKooMTR_A_SUB6G,15,LTE,TaiKoo,20,43,0.441436,15.2555,16.7893,1.5338000000000012,1,0,0,0,2000,0,0,0,0,0,0,extracted_529
MTUTK_001_TaiKooMTR_A_SUB6G,15,LTE,TaiKoo,20,45,0.383115,16.0335,15.6283,-0.4052000000000006,1,0,0,0,2000,0,0,0,0,0,0,extracted_529
MTUTK_001_TaiKooMTR_A_SUB6G,15,LTE,TaiKoo,20,46,0.351368,17.9957,13.7365,-4.2592,1,0,0,0,2000,0,0,0,0,0,0,extracted_529
MTUTK_001_TaiKooMTR_A_SUB6G,15,LTE,TaiKoo,20,49,0.472386,13.7365,11.6114,-2.1251,1,0,0,0,2000,0,0,0,0,0,0,extracted_529
MTUTK_001_TaiKooMTR_A_SUB6G,35,LTE,TaiKoo,20,16,0.4782439999999999,1.698,1.3271,-0.3709,1,0,0,0,2000,0,0,0,0,0,0,extracted_529
MTUTK_001_TaiKooMTR_A_SUB6G,15,LTE,TaiKoo,20,46,0.4219239999999999,14.371,17.8499,3.478900000000001,1,0,0,0,2000,0,0,0,0,0,0,extracted_529
MTUTK_001_TaiKooMTR_A_SUB6G,15,LTE,TaiKoo,20,24,0.349496,15.8636,22.0545,6.190900000000001,1,0,0,0,2000,0,0,0,0,0,0,extracted_529
MTUTK_001_TaiKooMTR_A_SUB6G,12,LTE,TaiKoo,20,58,0.439777,13.5794,12.6599,-0.9194999999999992,1,0,0,0,2000,0,0,0,0,0,0,extracted_529
MTUTK_001_TaiKooMTR_A_SUB6G,25,LTE,TaiKoo,20,25,0.362777,11.2039,10.0584,-1.1455000000000002,1,0,0,0,2000,0,0,0,0,0,0,extracted_529
MTUTK_001_TaiKooMTR_A_SUB6G,12,LTE,TaiKoo,20,63,0.442147,12.6599,11.3941,-1.2658000000000005,1,0,0,0,2000,0,0,0,0,0,0,extracted_529
MTUTK_001_TaiKooMTR_A_SUB6G,25,LTE,TaiKoo,20,30,0.446639,10.0584,10.0741,0.0156999999999989,1,0,0,0,2000,0,0,0,0,0,0,extracted_529
MTUTK_001_TaiKooMTR_A_SUB6G,15,LTE,TaiKoo,20,32,0.4135799999999999,18.5582,18.8011,0.2429000000000023,1,0,0,0,2000,0,0,0,0,0,0,extracted_529
MTUTK_001_TaiKooMTR_A_SUB6G,15,LTE,TaiKoo,20,26,0.321792,18.8011,20.1593,1.3582,1,0,0,0,2000,0,0,0,0,0,0,extracted_529
MTUTK_001_TaiKooMTR_B_SUB6G,107,NR,TaiKoo,20,5,0.1249,32.5178,27.917,-4.6008,0,0,1,1,0,0,0,0,5000,5000,1000,extracted_529
MTUTK_001_TaiKooMTR_A_SUB6G,25,LTE,TaiKoo,20,1,0.041781,23.7108,18.9289,-4.7819,1,1,0,0,2000,800000,799999,799998,0,0,0,extracted_529
MTUTK_001_TaiKooMTR_A_SUB6G,12,LTE,TaiKoo,20,6,0.055123,41.1395,43.473,2.333500000000001,1,1,0,0,2000,800000,799999,799998,0,0,0,extracted_529
MTUTK_001_TaiKooMTR_A_SUB6G,35,LTE,TaiKoo,20,1,0.050671,13.8798,26.9071,13.0273,1,1,0,0,2000,800000,799999,799998,0,0,0,extracted_529
MTUTK_001_TaiKooMTR_A_SUB6G,15,LTE,TaiKoo,20,3,0.062065,27.2914,27.7228,0.4314,1,1,0,0,2000,800000,799999,799998,0,0,0,extracted_529
MTUTK_001_TaiKooMTR_A_SUB6G,12,LTE,TaiKoo,20,196,0.897593,1.4464,1.8612,0.4148,1,1,0,0,2000,800000,799999,799998,0,0,0,extracted_529
MTUTK_001_TaiKooMTR_B_SUB6G,107,NR,TaiKoo,20,56,0.5978,9.8456,10.9089,1.0633,0,0,1,1,0,0,0,0,5000,5000,1000,extracted_529
MTUTK_001_TaiKooMTR_A_SUB6G,25,LTE,TaiKoo,20,33,0.452051,13.4178,13.3582,-0.0595999999999996,1,1,0,0,2000,800000,799999,799998,0,0,0,extracted_529
MTUTK_001_TaiKooMTR_A_SUB6G,12,LTE,TaiKoo,20,101,0.579709,11.8507,16.8389,4.988199999999999,1,1,0,0,2000,800000,799999,799998,0,0,0,extracted_529
MTUTK_001_TaiKooMTR_A_SUB6G,35,LTE,TaiKoo,20,5,0.1577,8.3967,11.0242,2.6275000000000013,1,1,0,0,2000,800000,799999,799998,0,0,0,extracted_529
MTUTK_001_TaiKooMTR_A_SUB6G,15,LTE,TaiKoo,20,36,0.3616129999999999,19.2613,18.1465,-1.114799999999999,1,1,0,0,2000,800000,799999,799998,0,0,0,extracted_529
MTUTK_001_TaiKooMTR_A_SUB6G,12,LTE,TaiKoo,20,257,0.969798,1.1223,1.1672,0.0448999999999999,1,1,0,0,2000,800000,799999,799998,0,0,0,extracted_529
MTUTK_001_TaiKooMTR_A_SUB6G,25,LTE,TaiKoo,20,109,0.917683,1.1619,1.0249,-0.137,1,1,0,0,2000,800000,799999,799998,0,0,0,extracted_529
MTUTK_001_TaiKooMTR_A_SUB6G,12,LTE,TaiKoo,20,202,0.8880899999999999,1.414,1.989,0.5750000000000002,1,1,0,0,2000,800000,799999,799998,0,0,0,extracted_529
MTUTK_001_TaiKooMTR_A_SUB6G,12,LTE,TaiKoo,20,250,0.981556,1.1557,1.1829,0.0272000000000001,1,1,0,0,2000,800000,799999,799998,0,0,0,extracted_529
MTUTK_001_TaiKooMTR_A_SUB6G,25,LTE,TaiKoo,20,108,0.8629000000000001,1.046,1.3039,0.2579,1,1,0,0,2000,800000,799999,799998,0,0,0,extracted_529
MTUTK_001_TaiKooMTR_A_SUB6G,35,LTE,TaiKoo,20,17,0.359137,0.8383,1.0979,0.2596,1,1,0,0,2000,800000,799999,799998,0,0,0,extracted_529
MTUTK_001_TaiKooMTR_A_SUB6G,12,LTE,TaiKoo,20,212,0.935972,1.314,1.8702,0.5562,1,1,0,0,2000,800000,799999,799998,0,0,0,extracted_529
MTUTK_001_TaiKooMTR_A_SUB6G,25,LTE,TaiKoo,20,102,0.915988,1.5433,1.6336,0.0903,1,1,0,0,2000,800000,799999,799998,0,0,0,extracted_529
MTUTK_001_TaiKooMTR_A_SUB6G,12,LTE,TaiKoo,20,222,0.982684,1.2957,1.2854,-0.0102999999999999,1,1,0,0,2000,800000,799999,799998,0,0,0,extracted_529
MTUTK_001_TaiKooMTR_A_SUB6G,25,LTE,TaiKoo,20,99,0.863074,1.1171,1.0817,-0.0353999999999998,1,1,0,0,2000,800000,799999,799998,0,0,0,extracted_529
MTUTK_001_TaiKooMTR_A_SUB6G,25,LTE,TaiKoo,20,107,0.892598,1.0817,1.2802,0.1984999999999999,1,1,0,0,2000,800000,799999,799998,0,0,0,extracted_529
MTUTK_001_TaiKooMTR_A_SUB6G,12,LTE,TaiKoo,20,198,0.916987,1.3772,1.6966,0.3194000000000001,1,1,0,0,2000,800000,799999,799998,0,0,0,extracted_529
MTUTK_001_TaiKooMTR_A_SUB6G,12,LTE,TaiKoo,20,222,0.989799,1.153,1.1304,-0.0225999999999999,1,1,0,0,2000,800000,799999,799998,0,0,0,extracted_529
MTUTK_001_TaiKooMTR_A_SUB6G,25,LTE,TaiKoo,20,113,0.920168,1.145,0.9652,-0.1798,1,1,0,0,2000,800000,799999,799998,0,0,0,extracted_529
MTUTK_001_TaiKooMTR_A_SUB6G,12,LTE,TaiKoo,20,192,0.93232,1.6253,2.9044,1.2791,1,1,0,0,2000,800000,799999,799998,0,0,0,extracted_529
MTUTK_001_TaiKooMTR_A_SUB6G,12,LTE,TaiKoo,20,233,0.98559,1.1322,1.144,0.0117999999999998,1,1,0,0,2000,800000,799999,799998,0,0,0,extracted_529
MTUTK_001_TaiKooMTR_A_SUB6G,25,LTE,TaiKoo,20,112,0.86202,0.8605,1.1064,0.2459,1,1,0,0,2000,800000,799999,799998,0,0,0,extracted_529
MTUTK_001_TaiKooMTR_A_SUB6G,12,LTE,TaiKoo,20,199,0.945469,1.376,1.7973,0.4213,1,1,0,0,2000,800000,799999,799998,0,0,0,extracted_529
MTUTK_001_TaiKooMTR_A_SUB6G,12,LTE,TaiKoo,20,199,0.945469,1.376,1.7973,0.4213,1,1,0,0,2000,800000,799999,799998,0,0,0,extracted_529
MTUTK_001_TaiKooMTR_A_SUB6G,12,LTE,TaiKoo,20,238,0.977601,1.1572,1.3372,0.1799999999999999,1,1,0,0,2000,800000,799999,799998,0,0,0,extracted_529
MTUTK_001_TaiKooMTR_A_SUB6G,25,LTE,TaiKoo,20,95,0.8240959999999999,1.0934,1.01,-0.0833999999999999,1,1,0,0,2000,800000,799999,799998,0,0,0,extracted_529
MTUTK_001_TaiKooMTR_A_SUB6G,25,LTE,TaiKoo,20,103,0.8821089999999999,1.01,1.7811,0.7710999999999999,1,1,0,0,2000,800000,799999,799998,0,0,0,extracted_529
MTUTK_001_TaiKooMTR_A_SUB6G,12,LTE,TaiKoo,20,237,0.975462,1.0789,1.2321,0.1532,1,1,0,0,2000,800000,799999,799998,0,0,0,extracted_529
MTUTK_001_TaiKooMTR_A_SUB6G,35,LTE,TaiKoo,20,17,0.366195,1.2062,1.564,0.3578000000000001,1,1,0,0,2000,800000,799999,799998,0,0,0,extracted_529
MTUTK_001_TaiKooMTR_A_SUB6G,12,LTE,TaiKoo,20,195,0.880339,1.4279,1.8561,0.4282000000000001,1,1,0,0,2000,800000,799999,799998,0,0,0,extracted_529
MTUTK_001_TaiKooMTR_A_SUB6G,12,LTE,TaiKoo,20,251,0.964671,1.0721,1.229,0.1569,1,1,0,0,2000,800000,799999,799998,0,0,0,extracted_529
MTUTK_001_TaiKooMTR_A_SUB6G,25,LTE,TaiKoo,20,108,0.883606,0.9718,1.1286,0.1568,1,1,0,0,2000,800000,799999,799998,0,0,0,extracted_529
MTUTK_001_TaiKooMTR_A_SUB6G,12,LTE,TaiKoo,20,195,0.903277,1.3839,1.9461,0.5622,1,1,0,0,2000,800000,799999,799998,0,0,0,extracted_529
